Email;Password
melodie.vandervlies@edu.tbz.ch;vsvsHH5mv0q0
angele.edgecumbe@edu.tbz.ch;rfETjrmC2DfS
zhi.andreasson@edu.tbz.ch;9LqazlDcSDNX
judicael.koppeck@edu.tbz.ch;w6S8oZayffpG
berengere.capron@edu.tbz.ch;JPCAysiqGO3p
leonie.brosini@edu.tbz.ch;c2v8qMdo6fTz
venus.garfit@edu.tbz.ch;aZdxAGXVHSe1
melina.janota@edu.tbz.ch;cH2pRQoRYQZJ
laurene.bake@edu.tbz.ch;wkRX7crcN4j9
regine.dorkins@edu.tbz.ch;QelEQU4SFleH
cecile.moffet@edu.tbz.ch;zpitjGno65kn
maelann.labrone@edu.tbz.ch;vfwmjj1Jh1DY
melinda.newbold@edu.tbz.ch;CUXagl5F1Aiu
mans.itzhak@edu.tbz.ch;y6xAuCrGu3zk
melodie.pattlel@edu.tbz.ch;UcpP2zjXaIiV
celine.bonett@edu.tbz.ch;Tkug2c1KYZUR
adelie.mcgreal@edu.tbz.ch;RbGFZsXK3wUE
helene.soldan@edu.tbz.ch;LU7Q2cghnQro
michele.cluer@edu.tbz.ch;yXiNWwPIAS3g
maeline.muller@edu.tbz.ch;NQUU5ra4HAZJ
maelann.benedito@edu.tbz.ch;ylpGFb2ztvSY
nuo.gransden@edu.tbz.ch;6pePdDZj8gCX
berengere.stainton@edu.tbz.ch;qEegP2QIKvNT
wa.sabater@edu.tbz.ch;vrZpIZPeC2nN
anais.cochran@edu.tbz.ch;gSrZHu6IAlkG
gerald.bessant@edu.tbz.ch;qOdQm7iBZpGX
ruo.coffin@edu.tbz.ch;4rK2uliSdGCw
melodie.mustill@edu.tbz.ch;Gs7xF5RLHOTI
ruo.stanesby@edu.tbz.ch;YRwpCKQlSdDX
noemie.antognelli@edu.tbz.ch;8k1E4bZ5U61A
maelann.hughson@edu.tbz.ch;GkfJ2dp6Aczg
milena.mieville@edu.tbz.ch;B1u4KaoPQbTB
mailys.chamberlin@edu.tbz.ch;pE5aoxfVXYUv
nadege.tomalin@edu.tbz.ch;jWqyvpDVbpgX
oceane.omara@edu.tbz.ch;dfXLH8QGZJgr
cecile.aguirrezabala@edu.tbz.ch;ItYRs70l88hX
maella.gwillim@edu.tbz.ch;RoQ5t1HhLmbs
lea.mcgahey@edu.tbz.ch;9eZb1vHu6iEl
laurene.hagerty@edu.tbz.ch;4lD4s07Af64f
dorothee.link@edu.tbz.ch;gyiCrGJQ74UO
clementine.kynsey@edu.tbz.ch;fVMYEvvye5yC
lorene.smitherman@edu.tbz.ch;PQwmNYs87zvJ
cleopatre.klulicek@edu.tbz.ch;GJaTHF40LsR3
laurene.castaneda@edu.tbz.ch;notZoSO5mPaN
melia.constant@edu.tbz.ch;XDSTMnpkGUni
lucrece.clunie@edu.tbz.ch;J1eylIlzC2K6
eleonore.mcmurthy@edu.tbz.ch;eb5RpDERp7Bv
melia.bevar@edu.tbz.ch;86L2zMY4YbSz
camelia.bontine@edu.tbz.ch;QoTtf2ElQYGe
methode.jozefczak@edu.tbz.ch;Zh7V6cZoggiF
audreanne.hinsche@edu.tbz.ch;1QoSG7VzGz4j
andree.varne@edu.tbz.ch;8sahsM8o4A82
marten.kinleyside@edu.tbz.ch;iUHMsfZwoNBK
esteve.mcewan@edu.tbz.ch;O51GUGewBuNw
leane.dibbert@edu.tbz.ch;gGrDA50HG72g
ma.thewlis@edu.tbz.ch;3vjHbDgOerQF
clea.djurkovic@edu.tbz.ch;ShJUbLdNCxkj
rachele.reburn@edu.tbz.ch;OrUCWtvUmmhv
gerald.gowling@edu.tbz.ch;TlBmt0M3Thy6
cleopatre.jackson@edu.tbz.ch;PPpS8WoXvyKk
desiree.haskins@edu.tbz.ch;zKILTXB9I2BS
eleonore.longson@edu.tbz.ch;sQXLwNWKyPPX
leane.dybell@edu.tbz.ch;8JPYSzBIx2nN
becassine.grzesiak@edu.tbz.ch;pHvifkoE0mxI
mariejosee.pickin@edu.tbz.ch;cnzd4bofkGWO
mariejosee.roxby@edu.tbz.ch;ObSChuLvfs0M
leonie.feenan@edu.tbz.ch;SYWfA0tKYjKW
valerie.ellum@edu.tbz.ch;fuJMQrtPPb1R
ju.caseri@edu.tbz.ch;eEkGYbR9E6N1
borje.strangman@edu.tbz.ch;7HpsIF0CjVb8
beatrice.ghidelli@edu.tbz.ch;DOoc5BAA2DaI
da.jablonski@edu.tbz.ch;Jcn3cdZTCWp4
uo.beveridge@edu.tbz.ch;tEIDV1xM44Qy
valerie.bestman@edu.tbz.ch;51Mz0yVbnld2
marlene.pohls@edu.tbz.ch;JJoPXKaYjq8S
ma.nolda@edu.tbz.ch;UPahcdMHrYTW
marlene.bisiker@edu.tbz.ch;5EHJi4UAMZwT
estee.babon@edu.tbz.ch;JX0srr0FC1ix
simplifies.dmisek@edu.tbz.ch;QI0pIvMjZAvN
selene.ganing@edu.tbz.ch;dmmOk4jNTrgB
meryl.penke@edu.tbz.ch;cCka6heREZi0
anais.rawcliff@edu.tbz.ch;gOdA0oaPmAbj
melina.andri@edu.tbz.ch;Uo9catnZ9SAe
audreanne.fodden@edu.tbz.ch;AtQDKEh79v2M
bjorn.spellesy@edu.tbz.ch;SbdnoThT6fMn
francoise.summerscales@edu.tbz.ch;5VJ7CzNFVxEn
laurene.ashtonhurst@edu.tbz.ch;quBZ1lwcO8VR
valerie.petters@edu.tbz.ch;cdXsFRphWsXr
anael.spenclay@edu.tbz.ch;QD82idxwBEuT
stephanie.keech@edu.tbz.ch;ahSJacgMi60P
ines.deveril@edu.tbz.ch;oKCBghCL4LkG
berenice.gelder@edu.tbz.ch;jNctzJAsmI5B
melanie.ofogerty@edu.tbz.ch;Fik71m3oja1X
frederique.canepe@edu.tbz.ch;yDVsP7esb9BB
nuo.otton@edu.tbz.ch;PIxB7RVhRE8P
genevieve.trusler@edu.tbz.ch;qlSvpB7i2ElP
ju.boag@edu.tbz.ch;C79J0NPVYNw8
josephine.dilucia@edu.tbz.ch;Eok7ceRz6zqF
laurene.armsden@edu.tbz.ch;ELCUkJEkBdbH
becassine.griffe@edu.tbz.ch;zW9QIWrj56yw
alois.parres@edu.tbz.ch;YzgnNtauCnRo
cleopatre.gaffey@edu.tbz.ch;QQZTcWKQlsRQ
andre.stiger@edu.tbz.ch;2uL3r1NxocCZ
beatrice.godleman@edu.tbz.ch;jTgEky6r2Lig
hakan.harrhy@edu.tbz.ch;qEUsQ2h3Mmm8
celestine.dagnan@edu.tbz.ch;R0fDHjvBcw88
clemence.haggart@edu.tbz.ch;ThucEsTe3Jtn
long.caban@edu.tbz.ch;S5aain2Mt16C
gaetane.grimble@edu.tbz.ch;5HvrGIwv8st3
maelann.piwall@edu.tbz.ch;HFhxf3jd48Jc
magdalene.loble@edu.tbz.ch;aGAHnbjEAPR9
veronique.domaschke@edu.tbz.ch;86bs30Iv539S
clea.herity@edu.tbz.ch;R5MmqfgyEYbb
maelann.bambrough@edu.tbz.ch;lQRWpaelO93Z
clea.goulstone@edu.tbz.ch;mOWkNYYEVayL
renee.deleek@edu.tbz.ch;GA5HHSc9wMN2
borje.rudderham@edu.tbz.ch;9DRtnUE1wfOr
marylene.broune@edu.tbz.ch;f89CeH03MV3e
nadege.mccuish@edu.tbz.ch;PlWWftSiPlQq
anael.littleover@edu.tbz.ch;7qM94shRK2cs
lie.baume@edu.tbz.ch;yrt9cVdibrRe
maella.murrow@edu.tbz.ch;fOUE8E1jVXWC
cleopatre.pettifor@edu.tbz.ch;lNZpwVRI5DvJ
geraldine.asker@edu.tbz.ch;hPHxxxxDjtbO
gaetane.smedmore@edu.tbz.ch;YmVp09IltbVa
meryl.blencoe@edu.tbz.ch;7zQClKBb7ZFA
aurelie.chastaing@edu.tbz.ch;sLbId7Fhwlh4
oceanne.marthen@edu.tbz.ch;BdP9W1BShoNU
dorothee.burrill@edu.tbz.ch;bZQgGROy0Jcg
hakan.belden@edu.tbz.ch;FhLcYb2cLMaG
celine.brunning@edu.tbz.ch;B3lNLsejTbJu
anael.lapides@edu.tbz.ch;lABozF72phIC
ruo.saffran@edu.tbz.ch;92LTSBr6Hvqm
loic.gerretsen@edu.tbz.ch;ajgxkaUULqAm
rui.fitzer@edu.tbz.ch;9YMZr7tvdvCp
annotee.ogers@edu.tbz.ch;kjktC6aV97b7
borje.bindin@edu.tbz.ch;WCl2BdR4hFbJ
ma.cronchey@edu.tbz.ch;7fzgLbIHpki9
laurelie.baiyle@edu.tbz.ch;V1eUDx35ZzFn
dorothee.older@edu.tbz.ch;xa5WTN6eWImN
laurena.wile@edu.tbz.ch;11tN1hvRcyjR
clemence.brito@edu.tbz.ch;20A6733Ud4RB
nadege.dallin@edu.tbz.ch;pODvkSV8GcOQ
mailis.matley@edu.tbz.ch;NiOVKHQ6fOSD
daniele.screaton@edu.tbz.ch;LSGpJOdRcZ3h
mediamass.godly@edu.tbz.ch;U5LztQ0m1InJ
leone.kremer@edu.tbz.ch;C6QpKIolR0ZS
asa.adrian@edu.tbz.ch;R3ozHjw0zw6Z
adele.doley@edu.tbz.ch;Jq3QiaWoYf6T
fei.sidney@edu.tbz.ch;y9Fn3NTQAQbM
mariejosee.walisiak@edu.tbz.ch;xlAHovY12WD6
desiree.diplock@edu.tbz.ch;qsUv7Nkpzh3c
gisele.schust@edu.tbz.ch;TL1n5EPuW81g
ma.longshaw@edu.tbz.ch;QeYyU80dHtSF
da.boother@edu.tbz.ch;xqhKsEOX5JRk
simplifies.chaudhry@edu.tbz.ch;pRulu7tU0Jal
garcon.baniard@edu.tbz.ch;xKr9mbZOX27U
gaetane.elphee@edu.tbz.ch;Mc8jZ7uTgXtq
gisele.hassey@edu.tbz.ch;V1WWoo0KebLe
oceanne.booley@edu.tbz.ch;62MJCt7d80js
orjan.dibden@edu.tbz.ch;lt1iemSjyEkF
regine.ocleary@edu.tbz.ch;DK0z079jx0EZ
selene.persse@edu.tbz.ch;lliAYRLHPeQv
helena.adenot@edu.tbz.ch;bkfYnvkhiCSW
maelann.wassung@edu.tbz.ch;oK2zVBdU9klB
frederique.ackermann@edu.tbz.ch;tduwPL2jSAgP
audreanne.kahen@edu.tbz.ch;cztUSAZVBomD
maiwenn.lasty@edu.tbz.ch;OBIUC1rENyRS
yu.dictus@edu.tbz.ch;X5D9Ml8TvvPm
anae.dukes@edu.tbz.ch;9OdfOw6HQDCH
yenora.warr@edu.tbz.ch;xtuqAZoJLlSt
esbjorn.archibold@edu.tbz.ch;dMOqhDEhRq01
milena.pardal@edu.tbz.ch;6oGkzpSmdEgd
celestine.graveston@edu.tbz.ch;NYl1Ro3cBT8E
maena.dallas@edu.tbz.ch;o5gX7SxqrZHp
andree.tuke@edu.tbz.ch;b2H8YHKeiXCB
methode.seldner@edu.tbz.ch;KdvTKmFWDNGf
venus.bullas@edu.tbz.ch;ylVnCmoAiHh1
mans.aguirrezabal@edu.tbz.ch;dgXtduYVagxS
gaelle.eadington@edu.tbz.ch;12ET77SGNsAO
anaelle.falkner@edu.tbz.ch;pPSiLliJUy9Z
ophelie.height@edu.tbz.ch;UzseIk7OY301
marten.bolding@edu.tbz.ch;7evJkDMzNwCb
pelagie.guswell@edu.tbz.ch;BXj3mg57jqjk
gwenaelle.lecount@edu.tbz.ch;EU06NeRlGjJ1
hakan.laden@edu.tbz.ch;hiQdqoX1agO4
mariejosee.hylands@edu.tbz.ch;WyLaMvd24ppE
zoe.kingshott@edu.tbz.ch;6fDqJKxX4rMM
josee.janous@edu.tbz.ch;Hx6S0Pnz3daQ
laurene.gallally@edu.tbz.ch;nQ2gVj06Wkvw
anael.bickle@edu.tbz.ch;H8u7STkbtvzW
mediamass.lebbern@edu.tbz.ch;jJG9cWCr7TMv
berengere.hovy@edu.tbz.ch;f29hxxXSt5NY
orjan.kilmurray@edu.tbz.ch;masfVLWfRP9k
aslog.venny@edu.tbz.ch;PggNl1OzyATO
marienoel.stoad@edu.tbz.ch;holYied1v3oY
hakan.pettifor@edu.tbz.ch;FPz2508Nnf3o
maella.willgrass@edu.tbz.ch;W2mz9faib8xh
therese.ludovici@edu.tbz.ch;mpEzaLPtsz6j
stephanie.trewhitt@edu.tbz.ch;ezgD3yt9SVjn
marta.bauduccio@edu.tbz.ch;hqWsGSJq7lz1
gaetane.glaisner@edu.tbz.ch;7biWPD9zsuqz
naeva.pargeter@edu.tbz.ch;hMl70nFJnqkX
salome.venable@edu.tbz.ch;qxwbdUMxmVkb
borje.thickett@edu.tbz.ch;94gIPv8lDzUU
lucrece.prendergrass@edu.tbz.ch;SxwWsKaUiIFR
laurene.ockleshaw@edu.tbz.ch;6i5lEQgx0lx3
cecilia.pasticznyk@edu.tbz.ch;6QKoRUE5qJYD
stevina.mackey@edu.tbz.ch;IIGKeLFC3BZn
marienoel.reven@edu.tbz.ch;xlxD8CaXA1su
melina.quilkin@edu.tbz.ch;ZmPqR254yGYc
marienoel.ferrie@edu.tbz.ch;HtpCTFwTBCH4
leone.alphege@edu.tbz.ch;phkmvv8rHuV5
zoe.leverson@edu.tbz.ch;TOaRmzKKDMDN
annotes.grayne@edu.tbz.ch;vFSKiKw6oEC4
faites.lalley@edu.tbz.ch;ovsadDZzyg7Q
adele.wallis@edu.tbz.ch;iBeJdKT8LPKY
severine.madill@edu.tbz.ch;D7MQ66ith7xu
valerie.tebb@edu.tbz.ch;yWSvfR9RUhxn
kalliste.rasper@edu.tbz.ch;uM44b3gfm8Sg
audreanne.palomba@edu.tbz.ch;NeT0UI1WhS8a
elea.adamik@edu.tbz.ch;dwBorMAPWxK4
reserves.jakuszewski@edu.tbz.ch;16VoD6uNutMX
athena.belhomme@edu.tbz.ch;dlqZyfI2dqQ7
rebecca.crippin@edu.tbz.ch;fdXiGN8zxW9Z
maiwenn.curman@edu.tbz.ch;47ub3nmLgzQg
andree.bunner@edu.tbz.ch;WiUbKXmPuZ6P
ruo.winckles@edu.tbz.ch;1oEXfNlOlTo7
naeva.buntine@edu.tbz.ch;bhre0SnO7GR5
borje.dollard@edu.tbz.ch;hbEiajCxoG5J
penelope.gorman@edu.tbz.ch;Zt5CgEiuL0rj
alois.robelin@edu.tbz.ch;7aGnX30SFYSF
anaelle.tindle@edu.tbz.ch;NuN4f3Y81ZXI
ye.frears@edu.tbz.ch;6zhgcEY1rIgE
andree.ovid@edu.tbz.ch;emRW9gPnY1Cn
hakan.peat@edu.tbz.ch;FBiyv5ZQ0WWS
andre.januszewski@edu.tbz.ch;sKThfDLQFxFM
annotes.clemmett@edu.tbz.ch;S1wfuUcMhGh9
pal.lambswood@edu.tbz.ch;pHjK7EUvWk2v
yao.lenton@edu.tbz.ch;epRsN6ylpI85
hakan.boyton@edu.tbz.ch;XhOZCYKDDZVO
nelie.forsey@edu.tbz.ch;r6pfJGnA7LEA
hakan.horche@edu.tbz.ch;cNZ31A7HYY9L
lorene.sinkings@edu.tbz.ch;kIEucw3Dl76a
marietherese.creddon@edu.tbz.ch;mGfcz2IUirAF
berenice.tolworthy@edu.tbz.ch;tM1UY15wPvVU
theresa.land@edu.tbz.ch;Xf5TnEJuYKet
marietherese.gianilli@edu.tbz.ch;ejyi3l16hOYT
meryl.glew@edu.tbz.ch;W9xplZTwK1Rv
adele.debling@edu.tbz.ch;gUsc0KxYt3mH
anae.metzke@edu.tbz.ch;Wxao7kQ56wKc
gaetane.gooden@edu.tbz.ch;CnUM2BVWLXJ8
laila.bootland@edu.tbz.ch;MT3A45QoJPn1
maite.helsdon@edu.tbz.ch;BA5mJczYn5zy
andree.malley@edu.tbz.ch;EJ5wGQwCC3jF
pal.simmens@edu.tbz.ch;VR59RUXuYYxH
maelys.nuccitelli@edu.tbz.ch;GFlVChe1L7ub
dafnee.sibary@edu.tbz.ch;ozbrvpfj07G9
alois.harsnep@edu.tbz.ch;smSAGmHGTNj1
mariehelene.lacky@edu.tbz.ch;1dhvLvfa3l69
mylene.youthed@edu.tbz.ch;nUgHmqM5sr3y
mariehelene.dehmel@edu.tbz.ch;jWsaWhi4F1Dr
angele.batman@edu.tbz.ch;taLBFN4Pp5wd
melia.younghusband@edu.tbz.ch;AZQg0JASEg3x
eloise.baldi@edu.tbz.ch;Wj3JsP9LafmH
illustree.dun@edu.tbz.ch;9tkl9u5rDKZG
genevieve.late@edu.tbz.ch;gHAHh94ovc2A
celestine.colville@edu.tbz.ch;CrrEra6i2toP
gwenaelle.scarlon@edu.tbz.ch;LtPrlHIxU8Dt
regine.boddie@edu.tbz.ch;61BqP3ASU9OZ
creez.gaughan@edu.tbz.ch;NuophUd6xGaW
gaia.longford@edu.tbz.ch;v6dNLCqCaGb0
mailis.buckby@edu.tbz.ch;cD3DJWiRDjKl
song.parbrook@edu.tbz.ch;Q6DDlTAF3azP
frederique.heddan@edu.tbz.ch;yDD3gOoR0Gbh
ake.kirtlan@edu.tbz.ch;GWOKhA9g5lKf
nelie.runciman@edu.tbz.ch;em25gls2QxQE
mailis.cardnell@edu.tbz.ch;lFkdZwwCMk1J
irene.navarro@edu.tbz.ch;XOSYDlm3jlav
maite.cough@edu.tbz.ch;yLuuQ2Mqvv6d
anaelle.stocky@edu.tbz.ch;UtxSwWSnbJLk
methode.moulder@edu.tbz.ch;teWnAwy5ZsXC
po.stafford@edu.tbz.ch;25VIFBYc0ubo
faites.scraggs@edu.tbz.ch;gzrowp73vliy
adelaide.dullard@edu.tbz.ch;INsc6dwET2z5
desiree.leonard@edu.tbz.ch;mnT45LyRwY05
geraldine.badgers@edu.tbz.ch;bpBk2zLXR8d4
ruo.masic@edu.tbz.ch;TDkVPO5OgLTQ
aurelie.lieber@edu.tbz.ch;2dH2msKvcLf7
naelle.balcock@edu.tbz.ch;pScMddkKqHQh
camelia.elger@edu.tbz.ch;gxEe6Lat2QYL
publicite.oakeshott@edu.tbz.ch;278iF6FggiER
cleopatre.fawley@edu.tbz.ch;5ovrwJohWq7f
laurene.bruckmann@edu.tbz.ch;e9ykjooVySCb
rui.haughton@edu.tbz.ch;iOzrJhQQs5Gf
asa.ladewig@edu.tbz.ch;J0Jbg3xAi9ig
gisele.janecek@edu.tbz.ch;vOjJkpz50iCV
maily.loveridge@edu.tbz.ch;aYc42OwX8m4M
marieeve.yurkiewicz@edu.tbz.ch;1k24xWhdD4Mo
fei.roder@edu.tbz.ch;9bjFvsUloowf
edmee.chatburn@edu.tbz.ch;OG9EWCZcYSSm
geraldine.darke@edu.tbz.ch;iK9a9U7Jf5oB
ye.jira@edu.tbz.ch;mECDgO7O5yLz
publicite.persent@edu.tbz.ch;HTbhUcwFw34X
severine.wilcox@edu.tbz.ch;yAfp5miemi6r
yao.mcclaren@edu.tbz.ch;ILfoQx3tkxoz
theresa.foynes@edu.tbz.ch;TWo7wWN6QuiA
stephanie.isley@edu.tbz.ch;eheAB8PGyoK3
torbjorn.growy@edu.tbz.ch;1fpXTrYA6NPb
eloise.tunnadine@edu.tbz.ch;JWIZ9iGtGjwK
maeline.cossentine@edu.tbz.ch;Lo2si6PKK2TK
nelie.desantos@edu.tbz.ch;40Acpa6j3l1a
gaetane.axston@edu.tbz.ch;CSZ5UuQIDHPr
aimee.merman@edu.tbz.ch;RQogWGJYmmg9
orjan.drivers@edu.tbz.ch;ysFyiogGdFa2
aimee.miroy@edu.tbz.ch;X7pafgWiElOk
nelie.glyde@edu.tbz.ch;5HdLiUrDU4l7
hakan.kapelhof@edu.tbz.ch;lzxInYbJMPeJ
maelyss.cauley@edu.tbz.ch;mPWum246AAOf
elea.vaggs@edu.tbz.ch;1dZRZtEPGLaG
maelys.but@edu.tbz.ch;mOcTec4B1Xir
maella.arthurs@edu.tbz.ch;LJZI4SNe6EBC
adele.liebrecht@edu.tbz.ch;rWl6vt6wWN7L
meline.lomasny@edu.tbz.ch;v35gjBIh1nhp
mediamass.schwant@edu.tbz.ch;btMwwBX0qFSl
leone.saunt@edu.tbz.ch;8c1ZbpljvBA1
annotes.gouch@edu.tbz.ch;q1dFxdypBf8h
gaetane.bowich@edu.tbz.ch;eMJTdy8IblEr
alizee.strelitzki@edu.tbz.ch;P8b9c1OsuseW
leone.poile@edu.tbz.ch;qB6l266yCrb7
amelie.saban@edu.tbz.ch;IVfFaABzkdab
marten.mcmenamin@edu.tbz.ch;zNjOERKuHLuU
becassine.keets@edu.tbz.ch;fZA6dpy4IJbI
celine.million@edu.tbz.ch;FKFKsnWfY6Ck
geraldine.belitz@edu.tbz.ch;gVE8m1kQaAIX
salome.mardling@edu.tbz.ch;CMDdC0gjSyBc
melia.blakemore@edu.tbz.ch;plRPVsqRoZrV
dafnee.mcaulay@edu.tbz.ch;QfYSu8L75yD9
garcon.dennett@edu.tbz.ch;Qaftco8pH54B
interessant.lesor@edu.tbz.ch;q0PPOitMeQDB
annotee.wasbrough@edu.tbz.ch;uU8FKR5dzykT
asa.ibbeson@edu.tbz.ch;ypjA5kMU95H4
maily.kennealy@edu.tbz.ch;ZUfYttUsLvvC
ye.seares@edu.tbz.ch;lJuxBV6PDbyM
athena.harbron@edu.tbz.ch;GMBj7mrlTNGw
andreanne.portail@edu.tbz.ch;olkN46UoZ2rr
goran.zannelli@edu.tbz.ch;f1fP9UZqUUoz
gerald.leathlay@edu.tbz.ch;Lk6ZqUZhLYEq
andreanne.chown@edu.tbz.ch;OEFhgKm9L7GX
esteve.clementel@edu.tbz.ch;EIALgqFZWnBV
leone.legan@edu.tbz.ch;U5cV0ru7UR29
maena.pownall@edu.tbz.ch;quDmiC5B90zl
andree.rettie@edu.tbz.ch;c7lNubmBxPM9
ines.kenwrick@edu.tbz.ch;ET8xFxJYgnx2
mariehelene.yarnall@edu.tbz.ch;yoPZjpozhMbv
po.martin@edu.tbz.ch;HhfZgYwUtzGY
ruo.celiz@edu.tbz.ch;2A8oCxt0J0mK
po.bissett@edu.tbz.ch;32WpBA0Z2GLd
du.swindon@edu.tbz.ch;Ga9MW4bnE2wq
interessant.gouldthorp@edu.tbz.ch;tSj9J6oyZqy1
leandre.lilburn@edu.tbz.ch;ut96f0G0j9sk
bjorn.whales@edu.tbz.ch;ONqiGBln5wsW
interessant.dieton@edu.tbz.ch;D3iZmFeLeF07
celestine.redhills@edu.tbz.ch;QlD364JTvitg
tan.yakovlev@edu.tbz.ch;ZcO3fyKQYHb6
regine.mcdowell@edu.tbz.ch;suNgmWQ1CYqj
ju.coysh@edu.tbz.ch;GxSqPGOGqDNp
reserves.ofallon@edu.tbz.ch;ahWQaBasX0Cu
frederique.sobey@edu.tbz.ch;C4XjJZmt01Zy
marieeve.garstang@edu.tbz.ch;fay1ij8NSXN1
andre.tapin@edu.tbz.ch;9ABculnbXe8O
esbjorn.eynon@edu.tbz.ch;fAW0TwNVp4kn
maella.duffy@edu.tbz.ch;0QvfSCRiyPRi
leandre.twinning@edu.tbz.ch;vXBG67Goy4UW
mai.whittingham@edu.tbz.ch;OPSdBSZOaY4I
rachele.shevelin@edu.tbz.ch;5RPMQua0qYSt
cecile.mcure@edu.tbz.ch;45aFCFOKn2Ro
marieeve.yurkevich@edu.tbz.ch;IKcqlrTUgTFD
almerinda.paice@edu.tbz.ch;yBKkNNIrmsKq
rao.howkins@edu.tbz.ch;aj07xnwRQ6hE
serena.pack@edu.tbz.ch;WhujtmvQXMvK
rebecca.mant@edu.tbz.ch;v8wBYEM9aFYM
reserves.spitell@edu.tbz.ch;yOxjXWrg2w9i
garcon.hamfleet@edu.tbz.ch;HfJ3ZjtgnPPx
methode.kerkham@edu.tbz.ch;tNASGhY2z96P
pelagie.camies@edu.tbz.ch;GOpgNq8smD4n
josephine.macpharlain@edu.tbz.ch;0RzKl9FhHYB7
eugenie.mathet@edu.tbz.ch;AfW5h8kXNqfE
gaetane.brangan@edu.tbz.ch;q8jbtTgyLipt
michele.dewbury@edu.tbz.ch;T03RgiSSNefZ
eugenie.elcott@edu.tbz.ch;dJM1EsJqnnBb
megane.harniman@edu.tbz.ch;y1Ii5opSMdsN
agnes.cluney@edu.tbz.ch;qJSeZaWKt5kL
mariehelene.angear@edu.tbz.ch;Afd8WnyupJma
melia.dolphin@edu.tbz.ch;DWmjfJfwyGk1
lois.ruseworth@edu.tbz.ch;sdplF4Y5x4j8
mailys.ryding@edu.tbz.ch;HtDWi1nLuc3R
rachele.wulfinger@edu.tbz.ch;B8SBNB9gtYE1
gwenaelle.talton@edu.tbz.ch;elMhrXvS0tku
long.ronchetti@edu.tbz.ch;f2WeJKcMOpNw
styrbjorn.kloska@edu.tbz.ch;iZafdCIORRQc
len.sudran@edu.tbz.ch;JVNq6w1LJ49I
maelle.andrysek@edu.tbz.ch;0pu0kgINp0W8
selene.senior@edu.tbz.ch;rgW4wGa9zFe9
anais.joskovitch@edu.tbz.ch;Nok63fmLMz74
marienoel.dally@edu.tbz.ch;uHPC6la5zKNv
mariehelene.laurence@edu.tbz.ch;6ml7T04fYcHQ
camelia.foxon@edu.tbz.ch;SogoLaxpMtbr
helene.cankett@edu.tbz.ch;t6Dk5maYaiY1
marten.mitchelson@edu.tbz.ch;ECVgdy2aF5q4
helena.stirtle@edu.tbz.ch;OyLYTbA430Uo
leane.barmby@edu.tbz.ch;1fmu2KtWKtkb
goran.ofinan@edu.tbz.ch;2sTsqqV3eAgl
styrbjorn.proby@edu.tbz.ch;UZgYDGcxEjOw
zoe.halse@edu.tbz.ch;7gB5JmRWpyqe
kui.drable@edu.tbz.ch;ifcQKZr7VCnX
desiree.bamford@edu.tbz.ch;QEzBH5EkNACq
zoe.suller@edu.tbz.ch;XewpvDPA6FpZ
marylene.audiss@edu.tbz.ch;qYjdflkhjCxk
adelaide.poznanski@edu.tbz.ch;G8mOHcyMMQ0k
maella.coleyshaw@edu.tbz.ch;IecBmynvEpBA
mariefrancoise.gelder@edu.tbz.ch;QIORj2YLdWXV
eleonore.chaffyn@edu.tbz.ch;CPkhU7tvZKLk
celestine.sikorsky@edu.tbz.ch;H6pDFZ4GQzLv
stevina.londsdale@edu.tbz.ch;AIWfi3BECbdj
maiwenn.nevitt@edu.tbz.ch;ktaBVJn9UGGX
magdalene.gerrey@edu.tbz.ch;bbevDbdq5TQr
becassine.latimer@edu.tbz.ch;EcxYdOPbUFqZ
da.lethibridge@edu.tbz.ch;kEnFa343ZHCb
mailys.claige@edu.tbz.ch;A31iuS13ek3V
maena.torbard@edu.tbz.ch;r4TBg4bkfGzy
solene.lyvon@edu.tbz.ch;I5zTdZ2Lmn1e
marietherese.benbrick@edu.tbz.ch;UuMuyZ0sz3Vs
gerald.edmonson@edu.tbz.ch;roXQ6adwZfAe
ake.messruther@edu.tbz.ch;U04MMm8rfeZW
men.gosneye@edu.tbz.ch;RzQKUAiv70Hi
anais.jefferys@edu.tbz.ch;4dpe9jf5fs7z
publicite.tregale@edu.tbz.ch;9p85AGgweY0Y
maily.santorini@edu.tbz.ch;k6WoFVJWE1MG
ines.pioch@edu.tbz.ch;pve0p8SWq5L0
noemie.marklew@edu.tbz.ch;M0T9eW6MICuZ
meghane.maccaffrey@edu.tbz.ch;opXLaqxxVe96
berangere.ambrogio@edu.tbz.ch;yR64Q6eb3Iph
mediamass.ryce@edu.tbz.ch;oODhQqVCLuJD
osten.ubank@edu.tbz.ch;HCEnG8j2D7XG
melina.mackee@edu.tbz.ch;qZ1r9ri9i5WT
theresa.livezey@edu.tbz.ch;YIVnSxm6OaxN
clemence.weal@edu.tbz.ch;bDS27NiloV6f
faites.overton@edu.tbz.ch;3DKwgZKhsQlJ
clea.lindblad@edu.tbz.ch;KuYLFsfG4jEV
josephine.roseaman@edu.tbz.ch;J8OckiYWcOct
osten.lowbridge@edu.tbz.ch;GNhIBUBYwAzu
mariejosee.brion@edu.tbz.ch;FsduhIke35p0
therese.basili@edu.tbz.ch;lePVGRsBicR5
melia.vertigan@edu.tbz.ch;B7kyw84HvglD
judicael.saull@edu.tbz.ch;X4DA98BZ2cS1
selene.valentine@edu.tbz.ch;nboCMkTnOdIF
verane.dunlap@edu.tbz.ch;jt9HuUqAJUN8
meline.kinnear@edu.tbz.ch;aDaxdtNsl9wv
lei.luttgert@edu.tbz.ch;B2GMG9s5cPFh
styrbjorn.lathleiffure@edu.tbz.ch;NgKNIk0fzXzP
marlene.blasi@edu.tbz.ch;b3DLNdkDsnCV
mai.begwell@edu.tbz.ch;tfF2LduTnbar
gwenaelle.kaines@edu.tbz.ch;Abf8rKonrHUv
gerald.adamthwaite@edu.tbz.ch;GBncRmeeMRqW
kui.hartfield@edu.tbz.ch;u0nqZ2rRH83I
salome.currao@edu.tbz.ch;UfXoFNThQi6f
angelique.tixier@edu.tbz.ch;NSgDsVB3abHG
ju.mcgragh@edu.tbz.ch;7UF3GQV018qr
dafnee.beachem@edu.tbz.ch;so52pcws2Wxn
creez.terlinden@edu.tbz.ch;Y6V2rofYed3w
uo.mcskeagan@edu.tbz.ch;ZRfB1Hibm6wA
edmee.mccaughren@edu.tbz.ch;wQ2PDq6YNmTL
aslog.cozby@edu.tbz.ch;ei7Bj9Z0VQJQ
melodie.traite@edu.tbz.ch;BqLOOHWtDUcY
dorothee.aindriu@edu.tbz.ch;3efwWf8K98OO
daniele.doley@edu.tbz.ch;laSbzpAKwdiN
mediamass.fairclough@edu.tbz.ch;Y62UEatmid1I
lorene.rainforth@edu.tbz.ch;nnYhrtCqN8EB
leonore.eyer@edu.tbz.ch;75I034QGbq9C
po.spillman@edu.tbz.ch;pCDPGLCvX6A0
cecilia.plitz@edu.tbz.ch;sWjG5vEllENz
lorene.ludlow@edu.tbz.ch;zaCp4HxCmJ10
berangere.neligan@edu.tbz.ch;oBTp0HbUufOY
simplifies.huggan@edu.tbz.ch;HtTdBT4IKQEQ
clelia.prandy@edu.tbz.ch;YkRgiEutWohB
ake.osban@edu.tbz.ch;BlPc9lfxZ8E9
cunegonde.brunn@edu.tbz.ch;i476vihZsKYa
long.grizard@edu.tbz.ch;mtmRtYW8ljHO
meghane.diss@edu.tbz.ch;B5Rm6ZSffx4z
therese.oldman@edu.tbz.ch;LP13hopNqXp0
borje.scamerdine@edu.tbz.ch;gVdp5uok4kCD
du.saban@edu.tbz.ch;cwchPmyyuk1W
hakan.clynmans@edu.tbz.ch;ajVpIbCK4rhN
wa.macdowal@edu.tbz.ch;QyfSvgUQRIah
venus.hatrey@edu.tbz.ch;kUD0fyzcnNIv
anaelle.vispo@edu.tbz.ch;2YNTDC0GbgAf
mahelie.ollcott@edu.tbz.ch;D3VnRiCLQton
mediamass.whyman@edu.tbz.ch;P6ULXFspRBGX
esbjorn.basson@edu.tbz.ch;rT9JXmnPSE77
andrea.morrill@edu.tbz.ch;ka9qHGHrIIUR
melys.grassi@edu.tbz.ch;wyLSiheRBYNI
leone.poleye@edu.tbz.ch;ybstpVzi3wf2
francoise.penny@edu.tbz.ch;xumv0yAvKKf7
rebecca.edney@edu.tbz.ch;AZ912xE6f8Uw
adelaide.murtagh@edu.tbz.ch;Wo0IUhQX76yR
stevina.winterbourne@edu.tbz.ch;9yWe09Fxqgsx
ma.cottom@edu.tbz.ch;ip9kAmNvYFWX
tan.harold@edu.tbz.ch;RdDljjUQfedm
venus.forte@edu.tbz.ch;uQu12pJA9GkY
almerinda.oluney@edu.tbz.ch;qfweVF0ivqCq
cleopatre.brehault@edu.tbz.ch;OFt8JoEFC4Im
interessant.lapides@edu.tbz.ch;PtvMVgXMLG3T
reserves.hallatt@edu.tbz.ch;8qdIVtPtftSU
annotes.birdwhistle@edu.tbz.ch;fKKytFPDtUDW
ai.dredge@edu.tbz.ch;GcedY5mjZb0H
megane.mussard@edu.tbz.ch;5kVBUyhTkDSI
esbjorn.gowrich@edu.tbz.ch;9zRSjOHgL3FU
borje.brislawn@edu.tbz.ch;LQpFXay7BYvp
becassine.wilce@edu.tbz.ch;RxJVK7QvUrol
personnalisee.oels@edu.tbz.ch;RhHDaE0GKAYd
verane.pett@edu.tbz.ch;Ltje9yseQkm9
marylene.glewe@edu.tbz.ch;J6k3AuwuJMCP
lai.elson@edu.tbz.ch;FyFTBqxqvtsg
serena.difranceschi@edu.tbz.ch;Z94RgKOdAxyg
lie.espinel@edu.tbz.ch;5X1MPLyUOGN0
marylene.fantini@edu.tbz.ch;lq8OgQGAvzvl
andre.archdeckne@edu.tbz.ch;T74jZwkfDfZe
goran.bohlingolsen@edu.tbz.ch;e0KBPlsqWQep
cunegonde.heffer@edu.tbz.ch;7Z9WMfLQv0en
tan.fechnie@edu.tbz.ch;Pt5OrOlYaVEC
marienoel.brammar@edu.tbz.ch;NzMpMZE31uYG
simplifies.aven@edu.tbz.ch;M3swHdZpFuoL
melys.pinchen@edu.tbz.ch;tUaWrjc8E9P8
edmee.joyner@edu.tbz.ch;6gafLNCA3l51
berengere.edess@edu.tbz.ch;wRCxKU8ekvRU
marienoel.goward@edu.tbz.ch;quQqNHKqzljH
ju.edmons@edu.tbz.ch;j2dBBkiEmdDT
frederique.airds@edu.tbz.ch;rjjRXmilUckK
reserves.dauby@edu.tbz.ch;bwAi6cu0YkFN
hakan.gynni@edu.tbz.ch;0nrjdLXdxQl1
leonore.pinwill@edu.tbz.ch;vWmjLdHkyBt1
marieeve.mcallan@edu.tbz.ch;10Zr1Vge1cRP
naelle.yeabsley@edu.tbz.ch;t4LJwvwuWdkK
nelie.jacobovitz@edu.tbz.ch;HGIJtBlG1QDe
adele.conelly@edu.tbz.ch;olGcUJUrL0Cg
clementine.dondon@edu.tbz.ch;Ai1hd2Ajfzcb
zhi.willcot@edu.tbz.ch;Ns28PPVxWom5
chloe.janicki@edu.tbz.ch;fFlwQ6Ew4XAI
meng.linde@edu.tbz.ch;xtLWenVYoOy8
celine.janisson@edu.tbz.ch;mIWHXidwnU3I
clelia.crow@edu.tbz.ch;n9Md08vv84vZ
cecile.pyott@edu.tbz.ch;V4tAtQ7AuHSb
ma.fidelus@edu.tbz.ch;jBgdoV49Lbkv
mariehelene.poore@edu.tbz.ch;WdY3LwPdG8TT
elies.blanket@edu.tbz.ch;7LdDTODVoAsA
yu.boyer@edu.tbz.ch;zudgCAHl84VR
celia.welds@edu.tbz.ch;1ncB82bZZnoZ
du.gunney@edu.tbz.ch;T54vyBpXXDJ8
gorel.crush@edu.tbz.ch;GKQA6uiwSGYn
mariejosee.brosius@edu.tbz.ch;iA8968IrtLRq
camelia.adds@edu.tbz.ch;6WOzy3H9sapb
anae.irwin@edu.tbz.ch;z8EEpJlKeOHV
cleopatre.skeffington@edu.tbz.ch;0TvuQJ6AYLH4
gerald.suggate@edu.tbz.ch;LarRhHtbK78P
laurene.tailour@edu.tbz.ch;U2w4HqqKbIis
amelie.hoble@edu.tbz.ch;lFFglZ9FneBf
venus.getch@edu.tbz.ch;uyIEs7gEMW1p
renee.treby@edu.tbz.ch;1J91MmnZJXat
almerinda.stait@edu.tbz.ch;bsF3sZUHcr0Q
andree.reddecliffe@edu.tbz.ch;ixWi9Izi3ZO7
leone.wintle@edu.tbz.ch;76QlkrbxrWgd
gerald.fellow@edu.tbz.ch;O5s8SPdj75Me
ju.gudger@edu.tbz.ch;nfRwZo9gkLlF
meng.ohaire@edu.tbz.ch;IcV4v5tCFy4X
cleopatre.missington@edu.tbz.ch;4ks6WC8M3G9L
annotes.debruyn@edu.tbz.ch;LzvnEAOd0sfc
gerald.sinisbury@edu.tbz.ch;BgW748tIRiFr
creez.slora@edu.tbz.ch;Us6yPl0H4fR1
gisele.benbow@edu.tbz.ch;IYjS5sBYanvZ
pal.dossit@edu.tbz.ch;ch7qJZ4EGepF
nelie.stirrip@edu.tbz.ch;1lFsajmnXO20
alois.ocrigane@edu.tbz.ch;hwKOUzFO6Oan
kui.mcterry@edu.tbz.ch;lxmnXAS8IKSn
long.willgoss@edu.tbz.ch;SFVShIf5zKLS
francoise.sumpner@edu.tbz.ch;J00KTQeMmGn7
maely.grinstead@edu.tbz.ch;7FkZeX6Oz3bd
creez.langeren@edu.tbz.ch;CPFG2NUGqknI
adele.dungate@edu.tbz.ch;Ca6zHiKZ4Coz
cleopatre.noirel@edu.tbz.ch;Cx8CMJOgOLU2
interessant.daverin@edu.tbz.ch;sRFGSXxj5cPU
naeva.kalderon@edu.tbz.ch;tsj2eGpcct7f
anais.oshesnan@edu.tbz.ch;hPw6aFP7e80J
judicael.anelay@edu.tbz.ch;aW7h5n8p4EXs
eloise.braxton@edu.tbz.ch;NQkIrfjA2GGE
desiree.greguol@edu.tbz.ch;atVtqeexzpus
maite.mcclenaghan@edu.tbz.ch;IjTCouENi3cM
meng.doret@edu.tbz.ch;tTTZ4j7JWoj7
frederique.chippendale@edu.tbz.ch;qSDxYe2ao13z
andreanne.lanney@edu.tbz.ch;ESzXdD3QBjuH
aurelie.claus@edu.tbz.ch;7IPEn2IJLUKn
renee.pabel@edu.tbz.ch;xfJC91wZXhpt
maena.roust@edu.tbz.ch;bt6OHHWtFSUw
nadege.carwithim@edu.tbz.ch;GEOzKJ93hRRW
solene.geyton@edu.tbz.ch;QeoCMn5tPhgL
dafnee.avraham@edu.tbz.ch;QN04IPA7TaHM
leane.woolvin@edu.tbz.ch;EJOHdrBkg1pb
adele.macadie@edu.tbz.ch;0RgZ77QbEjyB
meline.rubica@edu.tbz.ch;rnc8zBS4E6Em
marienoel.speeding@edu.tbz.ch;vrITnVaBqLl4
nelie.mix@edu.tbz.ch;zIELmCWbJ9P2
clea.ollett@edu.tbz.ch;voWuUMCazdOh
leandre.mcgavin@edu.tbz.ch;5qkV3kRJ6CI6
cecile.behne@edu.tbz.ch;bc3FsYWHt0HD
melanie.polle@edu.tbz.ch;X66LT9njn2hH
mariejosee.titmuss@edu.tbz.ch;vBqFB8PPPA5g
helena.guest@edu.tbz.ch;zBgWFFBfsRew
annotes.chicchetto@edu.tbz.ch;dPpNwdChXiSd
melia.tubb@edu.tbz.ch;lpFkFzOpJD4P
angelique.casetti@edu.tbz.ch;cLcHyO5vuHAZ
cunegonde.cleall@edu.tbz.ch;62KNFoGHpXXx
camelia.oaker@edu.tbz.ch;4ANmJbGiESsm
you.searight@edu.tbz.ch;076UFurevE8u
kevina.dederick@edu.tbz.ch;cR2j6CSwGXxm
milena.jeffrey@edu.tbz.ch;1LbOfrdVYe2b
melodie.barkshire@edu.tbz.ch;jQG0htW7wxNy
gaelle.kreutzer@edu.tbz.ch;GpFtx7okNxke
kalliste.kleinpeltz@edu.tbz.ch;n1LewAuI2YGU
clementine.danat@edu.tbz.ch;QrkeuBIeEzZV
andrea.wabb@edu.tbz.ch;S8zEzAx26wtX
geraldine.piesold@edu.tbz.ch;al6JQrftPEyK
tan.fiveash@edu.tbz.ch;YDPvqIoNsDQJ
meline.yuranovev@edu.tbz.ch;kNk6z7clSOrw
therese.holme@edu.tbz.ch;aXpCTKUKVbaU
salome.vaney@edu.tbz.ch;w1Ldwl3xe0ae
anae.abramson@edu.tbz.ch;U4o1wpALBDYH
kalliste.jimson@edu.tbz.ch;gqVqYHGvfFn8
selene.yole@edu.tbz.ch;7rEsSJ0uBPUa
agnes.defraine@edu.tbz.ch;JhMQgbYSpcBz
faites.mccluin@edu.tbz.ch;ZJO78wY3Nn7i
athena.deme@edu.tbz.ch;r8TZK6xSB8jr
daphnee.brigstock@edu.tbz.ch;gLcZZezV8fY6
gosta.skaif@edu.tbz.ch;k5z7yWnA0wVn
oceane.jagoe@edu.tbz.ch;LTvRuBC7nOLO
annotes.broomhall@edu.tbz.ch;SGSAMNSOB26O
marieeve.ballendine@edu.tbz.ch;SCXHVvWZQxVR
melina.spykings@edu.tbz.ch;YV8W1Y6hd9J8
laurene.ticehurst@edu.tbz.ch;AeA3hDLgq3TN
fei.avramovic@edu.tbz.ch;chQuBsvtZA8n
publicite.strathearn@edu.tbz.ch;KIhUIjoJcDrD
torbjorn.garrow@edu.tbz.ch;anHuHFIL1YCM
chloe.rubinsztein@edu.tbz.ch;25zr8ccWJ574
mylene.demanche@edu.tbz.ch;U3vh4ga0xNWS
mediamass.godlonton@edu.tbz.ch;iPbw9wc9Tloy
renee.shurrocks@edu.tbz.ch;d8hf7fQoz1rg
maiwenn.jedras@edu.tbz.ch;9RK0GawRO6Eh
genevieve.castells@edu.tbz.ch;DcOtyh4ovmAG
renee.sneden@edu.tbz.ch;6wEUERvsjjHa
lai.mccallion@edu.tbz.ch;VVDxQVbgwW1j
kevina.impleton@edu.tbz.ch;GlZV6VSFBJVr
osten.fresson@edu.tbz.ch;IYROu4EBawn2
verane.shawley@edu.tbz.ch;v7mH9C5Ltdsr
uo.sjostrom@edu.tbz.ch;FCrWBBufw7Dg
gisele.gothup@edu.tbz.ch;ZQDeskFRREw3
renee.beauman@edu.tbz.ch;YL7drxx7wAHa
elies.loton@edu.tbz.ch;ptvMuWLQb1S3
valerie.elsmore@edu.tbz.ch;gFGFpObQ7zOG
berangere.delafeld@edu.tbz.ch;X2eWDMRy65n1
bjorn.schimke@edu.tbz.ch;7gcC7k6FbQk4
loic.ericssen@edu.tbz.ch;Al1MGlIxL624
creez.richarz@edu.tbz.ch;qt6n1hMnvPVj
athena.grocott@edu.tbz.ch;y7H3y6gK9abB
naelle.piotr@edu.tbz.ch;jjQHKMoniftB
maella.paulson@edu.tbz.ch;dO83rWcvgCU6
song.perot@edu.tbz.ch;PwaP8dT92J5d
kalliste.heckney@edu.tbz.ch;Rvg1hNQueEKQ
ake.vasyutkin@edu.tbz.ch;tinWH0YJAvhq
ma.castles@edu.tbz.ch;MO95cvt7KLki
maely.monget@edu.tbz.ch;nx6BGQRNI5R7
tang.durbridge@edu.tbz.ch;ObJtAIflVCWG
laurene.andrew@edu.tbz.ch;jih55FP7zKzl
lysea.beacon@edu.tbz.ch;PDfBOiDkm4D6
leandre.peyntue@edu.tbz.ch;vlV27wmaHr27
rao.trever@edu.tbz.ch;229cTeIPLECD
mahelie.streader@edu.tbz.ch;Bp7x69MmvkoY
marta.andrejevic@edu.tbz.ch;fND8atuIGQJZ
gosta.tompkins@edu.tbz.ch;ME12qtCF5W0F
helena.agates@edu.tbz.ch;U1n09KtBDg10
therese.glass@edu.tbz.ch;I4AnczewYGUq
alois.foan@edu.tbz.ch;QS3SSHSbkdWZ
becassine.melchior@edu.tbz.ch;X0YWV94o4om5
cloe.robart@edu.tbz.ch;wyetYxL4u7DE
daniele.puckinghorne@edu.tbz.ch;FNoGmuxiX3AM
selene.cammidge@edu.tbz.ch;Sfe1kk2ZKuVh
regine.conochie@edu.tbz.ch;saMkkupPDguu
interessant.tuiller@edu.tbz.ch;aqjSfU42NmlS
long.tiebe@edu.tbz.ch;ldQlgPYsPEmL
mans.yele@edu.tbz.ch;N9TAjXzyYxDz
ai.giles@edu.tbz.ch;DL72kUaE0xfz
gaetane.hamberston@edu.tbz.ch;XFq2XoCbJZXW
marylene.fenix@edu.tbz.ch;RAqHyn9DIq4h
geraldine.graeme@edu.tbz.ch;FkPknndb9llL
tang.kinglake@edu.tbz.ch;trHfOmV6ACWc
lai.challoner@edu.tbz.ch;bS5O29UU58Ty
desiree.mattei@edu.tbz.ch;QklimAerynLl
ake.erley@edu.tbz.ch;ioklHZySD4v5
edmee.cavil@edu.tbz.ch;PqkSxciASt1s
alois.moyes@edu.tbz.ch;7QQiWHm0ORvr
becassine.pitman@edu.tbz.ch;yf77OqGhlbDM
ai.giacovelli@edu.tbz.ch;oWnOgLKwjKZg
judicael.fruchter@edu.tbz.ch;vpaGezm2V79K
mans.mogg@edu.tbz.ch;TKlkT9dIM7XY
gerald.foyle@edu.tbz.ch;Bnms2vgoVMOo
wa.androletti@edu.tbz.ch;rtHfM37tYh2A
meng.ollett@edu.tbz.ch;ZKgy7abUNO3c
naelle.macmenamy@edu.tbz.ch;humeKGp5nVLQ
gisele.mcramsey@edu.tbz.ch;R0sqhis7hCUt
meryl.scolts@edu.tbz.ch;ukIih2p0Mf29
celia.bloxsome@edu.tbz.ch;mCetEVCsiOvd
styrbjorn.stuke@edu.tbz.ch;iEEZTPS3sKFD
felicie.gwilliam@edu.tbz.ch;GqhrydyrDiWK
da.harms@edu.tbz.ch;XkVKCjIJuFRu
celestine.baulk@edu.tbz.ch;mFJpDyDElBp8
mahelie.blackledge@edu.tbz.ch;VxMUxiCgqJBS
meghane.salt@edu.tbz.ch;iWvKXfYKJMvn
methode.paxeford@edu.tbz.ch;0L9ZmIqGzZ5f
aslog.milligan@edu.tbz.ch;N6FshiAWeQP4
you.pellman@edu.tbz.ch;KVPzGJBxJ0Bt
loic.regenhardt@edu.tbz.ch;aIjSs9XZHU2Y
daniele.savill@edu.tbz.ch;6VJcMzA77QHO
alois.cornu@edu.tbz.ch;iqif6mVSOw7s
osten.govey@edu.tbz.ch;dVFeqH6VTPtk
marieeve.louch@edu.tbz.ch;a86V5QNBFp6m
theresa.wenn@edu.tbz.ch;3P6vaBnz7ikQ
andree.eul@edu.tbz.ch;aGpN5XJ6vBtM
lie.paynton@edu.tbz.ch;yyKdVTaPJKEn
marieeve.girodier@edu.tbz.ch;zHZIkhaPxEh8
marienoel.smithe@edu.tbz.ch;nGXeYzFr1B7O
men.bootyman@edu.tbz.ch;cxq19q34A2zp
ku.sugg@edu.tbz.ch;WQAiUkmV1ozZ
lucrece.roseman@edu.tbz.ch;CdpnWTtoKniq
zoe.annear@edu.tbz.ch;mHa65vXO6ZXu
mariehelene.rennebach@edu.tbz.ch;6CNJKgF5ZDcX
lea.djurdjevic@edu.tbz.ch;GLRUBuSMmgmE
gorel.robert@edu.tbz.ch;4tV9jWkRDGzz
mylene.foldes@edu.tbz.ch;ebT4nToUE6Xd
faites.clegg@edu.tbz.ch;vOgoWKPVPuiU
marylene.crowcher@edu.tbz.ch;Kqc3htbkweUu
aimee.wimpeney@edu.tbz.ch;ETmg0cYehjvI
renee.atkins@edu.tbz.ch;YncJypF5GcZl
rejane.cainey@edu.tbz.ch;BuBZvhDHtp5j
solene.britney@edu.tbz.ch;CJcAM9oE0IGr
marten.shatliffe@edu.tbz.ch;BcuoBnAJcqow
maite.issatt@edu.tbz.ch;bRX9FGPdOFo0
maelyss.edon@edu.tbz.ch;VQmjy2QhvLLX
nuo.bamling@edu.tbz.ch;EkAoI7JB28CI
anais.edards@edu.tbz.ch;K6I6quVRUzFq
mediamass.bromet@edu.tbz.ch;eQR5ZepucQmC
beatrice.kimbrey@edu.tbz.ch;dPANHDh7VWDm
ines.lawranson@edu.tbz.ch;I8gRk9xsMBga
kalliste.scandroot@edu.tbz.ch;oKRk57A0q9l9
mans.barrowcliffe@edu.tbz.ch;7bpOX15cax9N
irene.couves@edu.tbz.ch;WZ55hSjbtp61
milena.mucci@edu.tbz.ch;MOek6zkL8g8u
naeva.cow@edu.tbz.ch;5Q1CpU15W12H
audreanne.mournian@edu.tbz.ch;9mNsqnbzM4sH
melia.sinnatt@edu.tbz.ch;qAbkFnBQhVJA
nelie.burnard@edu.tbz.ch;BtaUf14S7fhx
clelia.ashfull@edu.tbz.ch;j0ohmNeurczG
lie.macard@edu.tbz.ch;aqE8CvzTx2Ea
valerie.matoshin@edu.tbz.ch;WHkq3ECYcpsg
anael.hatherleigh@edu.tbz.ch;P6Dtukeic9CM
interessant.warratt@edu.tbz.ch;dwDTRdXqqyfS
eleonore.volage@edu.tbz.ch;1NEozx6Jk6Yy
zoe.stebbing@edu.tbz.ch;D26aZDB5uyhc
alizee.nye@edu.tbz.ch;GH0uHKP4UwcZ
celestine.bramley@edu.tbz.ch;DAeHc1II1bAv
selene.philcott@edu.tbz.ch;imZnJxdADMv7
tang.newens@edu.tbz.ch;Kbzfh0yv4CXs
annotes.powys@edu.tbz.ch;y7ZsG36D8khU
lea.matthesius@edu.tbz.ch;V9aegN11tk2S
illustree.garlett@edu.tbz.ch;jjPXU9tHYaYp
maiwenn.meachem@edu.tbz.ch;EjN7U2jbOME8
mariefrancoise.mcbrady@edu.tbz.ch;Nxq9WHdQ36ox
illustree.gimbart@edu.tbz.ch;75tlzKDP2pok
melys.lyosik@edu.tbz.ch;AJRAizXDJYyx
marylene.mcnab@edu.tbz.ch;xGrJVOvDpa2m
gerald.blount@edu.tbz.ch;gsdvQAjl8SeM
clelia.shakelade@edu.tbz.ch;6oZfzBxNxdl4
penelope.cridlin@edu.tbz.ch;TxNCfNqBIFB8
maena.okuddyhy@edu.tbz.ch;lFtSlT0w6O5c
athena.keynd@edu.tbz.ch;lV6NSJcCRQER
cloe.dwine@edu.tbz.ch;0w0PDeVPbJZq
josephine.browett@edu.tbz.ch;7PBXqDL1bAxC
audreanne.oscanlon@edu.tbz.ch;PwR9k30L0rqc
fei.jeanequin@edu.tbz.ch;R2uIS5qJOLQv
lois.gormally@edu.tbz.ch;V7RqleBGVNDJ
mariefrancoise.finnigan@edu.tbz.ch;biCHTPfKFqBA
leonore.trussman@edu.tbz.ch;vYUomeZGVZzA
anaelle.trumper@edu.tbz.ch;tqTfwvL61pCa
clemence.dionis@edu.tbz.ch;w7fkaNbdoSt7
lois.tranmer@edu.tbz.ch;fScBD8XwQvTw
interessant.volett@edu.tbz.ch;4pVs2FotTk72
personnalisee.deackes@edu.tbz.ch;TUdIYz55Mx7n
lie.vasiliu@edu.tbz.ch;pzoTIeZwEX5t
dafnee.lamputt@edu.tbz.ch;DhtvmeN9gVqg
elies.bromige@edu.tbz.ch;9bnRU0jcUgNJ
helena.klosser@edu.tbz.ch;EuslU1HXivXF
andree.grim@edu.tbz.ch;dmjxRJQIyR5x
verane.coldbath@edu.tbz.ch;DVXDRQNOpaBJ
helena.bethell@edu.tbz.ch;GdptiHfwqfzn
kalliste.carefull@edu.tbz.ch;18WHj5BWic0D
regine.odams@edu.tbz.ch;7v1ePIKMBPPT
len.stannus@edu.tbz.ch;mejX80e81Jdn
angelique.works@edu.tbz.ch;qnG102iusGFJ
gosta.rheaume@edu.tbz.ch;1SIjZeh0VyHw
maelys.tynnan@edu.tbz.ch;IQoFxBmabYgw
maelle.carlesi@edu.tbz.ch;Cn6TMJon4iTm
anael.spurden@edu.tbz.ch;ZNmuTVAioqLb
helene.pumfrett@edu.tbz.ch;N1chBAq6aomf
gorel.pearn@edu.tbz.ch;SujOEXPv0ON0
laurelie.dezamora@edu.tbz.ch;CL3BhuusIEim
yao.twidale@edu.tbz.ch;5KiQqXqwfgy9
berengere.sola@edu.tbz.ch;U7WOEBqoihNW
maelann.hardistry@edu.tbz.ch;iTgXQXO1pkVx
severine.littlefield@edu.tbz.ch;hOu6q2wagadk
salome.heinl@edu.tbz.ch;BCqwWzZvr76e
meryl.warbey@edu.tbz.ch;9mPiotPhtf5n
da.hunstone@edu.tbz.ch;XcwfIJm6KgpF
venus.broadbury@edu.tbz.ch;N3XmdLMj0yXE
meghane.rentelll@edu.tbz.ch;EuHzv2XiPyzT
marylene.drewitt@edu.tbz.ch;3kUCOYR8Pvii
melinda.jacquemet@edu.tbz.ch;nmKY1OJO3l3a
mariejosee.keyden@edu.tbz.ch;ccOFGmF4WE2L
aslog.montacute@edu.tbz.ch;ysByDIAFbLBu
ku.andreou@edu.tbz.ch;AwQjtdxzjNiR
personnalisee.feaveer@edu.tbz.ch;aYYdVg9lHw7I
laila.emptage@edu.tbz.ch;MPKf15Do9btx
bjorn.dawdry@edu.tbz.ch;8ZbFFyT5WlpP
marieeve.dinsell@edu.tbz.ch;BwnuP3JlWygM
helene.follett@edu.tbz.ch;36qX5mzTBkNc
penelope.cordero@edu.tbz.ch;nkheGFLbLLyS
borje.beedell@edu.tbz.ch;pHVopLu6XJhq
nelie.ferne@edu.tbz.ch;EWQ7RUOgpe97
celine.ahmed@edu.tbz.ch;bEghEHr76Wcb
stevina.pimblett@edu.tbz.ch;hs5efAoPBNPh
chloe.langlands@edu.tbz.ch;2lHSDAkTTGeT
simplifies.maude@edu.tbz.ch;PlvzLqiDcSkS
genevieve.decarteret@edu.tbz.ch;5leEKgkzra1F
marylene.mughal@edu.tbz.ch;rc3DIAdEUJoS
goran.guttridge@edu.tbz.ch;v6qo8r0xC8hU
michele.smurfitt@edu.tbz.ch;nBa09ppeniOf
methode.hadeke@edu.tbz.ch;U6vGI75gbA9r
therese.rispine@edu.tbz.ch;CaN6Yv6e5ASD
gorel.plumley@edu.tbz.ch;klpPFgpRJFrx
oceane.friett@edu.tbz.ch;qDWZbVv7osVJ
marienoel.achromov@edu.tbz.ch;1do8MNlTt34N
dorothee.storek@edu.tbz.ch;dVu8Zs9hIh9P
gosta.whittle@edu.tbz.ch;9vwPFBEzT3Gi
desiree.casely@edu.tbz.ch;3cNfCegqQWK8
felicie.condon@edu.tbz.ch;lesT3DF8orBW
maelyss.frisdick@edu.tbz.ch;XbigIGcqnyN5
aimee.banke@edu.tbz.ch;KIIGNs5o2JYM
naeva.hodcroft@edu.tbz.ch;R9Ysmj7kztjW
laila.gerrans@edu.tbz.ch;N8A6JslLoMhH
daniele.scrimshire@edu.tbz.ch;AfHBWNjpVMax
daphnee.sheerin@edu.tbz.ch;kokNxcvfFagN
pal.vanyukov@edu.tbz.ch;zEP2WKnOF7IU
zoe.childs@edu.tbz.ch;b3sM9MD0dNUu
ai.corde@edu.tbz.ch;6jTARVrKMfsj
maelys.berryann@edu.tbz.ch;aoaxzaOR00So
cloe.gladding@edu.tbz.ch;1nNv1ybcY4t0
wa.kinnaird@edu.tbz.ch;P3QdM4NWzVNN
publicite.brittoner@edu.tbz.ch;x4EzmQLkuiNZ
rao.windress@edu.tbz.ch;bb9himbrx9Yx
uo.kollach@edu.tbz.ch;Cm6PFbxvLb47
josee.peskett@edu.tbz.ch;qb3fJvCnulU6
annotee.hasel@edu.tbz.ch;WEJUUbkQDLpq
cinema.lee@edu.tbz.ch;4FpwBhrQVjMf
lai.vedeshkin@edu.tbz.ch;DoEMVjk96GEA
renee.brisbane@edu.tbz.ch;EiYBZu10TLv0
ophelie.blincoe@edu.tbz.ch;rJa7cnkIzKQu
zhi.prazor@edu.tbz.ch;cbllBuwxBDEP
annotee.maddicks@edu.tbz.ch;kTi8b2f2hazK
maelyss.codd@edu.tbz.ch;DqVwKF2gUoIm
celia.peplay@edu.tbz.ch;uHcMkWIzoQLL
interessant.skone@edu.tbz.ch;r0eHUhqSNMJ0
audreanne.hebdon@edu.tbz.ch;0XFWpDcVH2F2
oceane.glen@edu.tbz.ch;YGC6VbvzFOz4
daniele.vanyushkin@edu.tbz.ch;xo46a18Fjfq9
daphnee.ayce@edu.tbz.ch;INqnu1f3yG9J
andrea.attride@edu.tbz.ch;ozL6bDrwnlGT
penelope.bridgwood@edu.tbz.ch;DKKmbgZ5VGGA
mailis.drewitt@edu.tbz.ch;xcNDShmC0XJ3
penelope.mollene@edu.tbz.ch;XrB9qtnDKBkb
illustree.keely@edu.tbz.ch;f3DCYm03g14Q
meng.brisseau@edu.tbz.ch;wXUd7UMR4OFU
ruo.cleiment@edu.tbz.ch;gafjMHK8Oozc
maite.krammer@edu.tbz.ch;v1VMJhDZuNKI
genevieve.verry@edu.tbz.ch;hlofmiCKZGrZ
lea.olochan@edu.tbz.ch;54Va0yapvQL2
naelle.brunnen@edu.tbz.ch;HJUI7PTrk8xl
gosta.bragginton@edu.tbz.ch;ioL7vHpUJwPc
fei.danilyuk@edu.tbz.ch;NBQFpjhhEDpM
adelie.turbitt@edu.tbz.ch;VhsyUkP5cHcN
marylene.nutman@edu.tbz.ch;cYv8xkgTZTiR
therese.barbrick@edu.tbz.ch;JRdg0bLrQ3pA
melys.kolodziej@edu.tbz.ch;n7J0DZQfusOr
melanie.runchman@edu.tbz.ch;D0JwHHTZ9zxs
serena.lafond@edu.tbz.ch;mh8FP8jBYj9R
pelagie.desmond@edu.tbz.ch;dQAhNX0kLv97
wa.spickett@edu.tbz.ch;HTHgoRsdcfmn
po.shave@edu.tbz.ch;x9GXnB5gfCPh
song.huikerby@edu.tbz.ch;o2FnRL1S5xAO
melinda.bimson@edu.tbz.ch;gMMJIWIr40LN
personnalisee.toffanelli@edu.tbz.ch;T8Xv9d83IZIn
leandre.hurn@edu.tbz.ch;sQnzxVWYZFnG
osten.standell@edu.tbz.ch;k0BbBxfS3YyN
naelle.smaleman@edu.tbz.ch;UryAtWT3imkO
berenice.tayt@edu.tbz.ch;6LRGZkj4kD3n
kui.popplewell@edu.tbz.ch;RqgPV72dOe1C
melodie.ferandez@edu.tbz.ch;5Z4829EqFZyF
josee.negal@edu.tbz.ch;RRSJNrfWC27l
melissandre.ferrelli@edu.tbz.ch;eC0zJXeXqfCa
josephine.kemmer@edu.tbz.ch;Vi1KMBKA9Tkf
maely.cayette@edu.tbz.ch;qQH7Ko9j1pVX
nelie.vela@edu.tbz.ch;3lJhmoI3Sx74
melina.cortes@edu.tbz.ch;fq1ohbXUAPbi
megane.leyshon@edu.tbz.ch;7gjPfocdAYQV
regine.harrie@edu.tbz.ch;HDwVtuzyP5jX
mylene.widdison@edu.tbz.ch;iWtFNz5aBStq
pelagie.vivash@edu.tbz.ch;kGVhBvoIHjK6
styrbjorn.vicarey@edu.tbz.ch;wiJKnvF806PK
long.kyles@edu.tbz.ch;9oPbabN7Mqfs
stephanie.gipps@edu.tbz.ch;3XmjHYP8KNub
clea.constantine@edu.tbz.ch;JTlMVfQfgz9V
maella.cometto@edu.tbz.ch;1zy83Nsv4E3G
laila.aubrun@edu.tbz.ch;A2WKA61eroRD
yao.austins@edu.tbz.ch;ONgJetzIL5xs
mailys.rylstone@edu.tbz.ch;KSPayPInDGWo
adelie.curuclis@edu.tbz.ch;eh8kKwJEexQq
celine.longhurst@edu.tbz.ch;MTCBBEfAk6ix
gisele.hazell@edu.tbz.ch;Mq6yk71Jml67
celestine.ciccone@edu.tbz.ch;nVQEWHUUqiXF
maelyss.doole@edu.tbz.ch;OBX1iAzrAuUq
helene.grimsdike@edu.tbz.ch;BFnMyT6C00yH
lie.macer@edu.tbz.ch;2eipDH5cCqZy
maely.izard@edu.tbz.ch;IjVcyL0wfvbG
erwei.breewood@edu.tbz.ch;KvxSSOr6E6hk
chloe.woolford@edu.tbz.ch;K17dJXR9SG5r
cleopatre.turpin@edu.tbz.ch;uu5Uq4YruGF6
melodie.surgison@edu.tbz.ch;sUSYPcNd584W
elies.leander@edu.tbz.ch;vcQAxR45b3hg
mediamass.reignould@edu.tbz.ch;BB0IKbBouLXr
celestine.wasmuth@edu.tbz.ch;ugKtz0GMie5O
marten.jervis@edu.tbz.ch;YYmtt9KfG9k0
daphnee.bour@edu.tbz.ch;N1SK0gFX0dsv
regine.harlett@edu.tbz.ch;JgmDGI1Gt9qz
noemie.macaskie@edu.tbz.ch;ZcgBoE7mwmQr
loic.renfield@edu.tbz.ch;RPbvRutvHwF6
venus.kleinert@edu.tbz.ch;R6RMJWbws1fW
marten.burlay@edu.tbz.ch;XKcbO3371jdi
berengere.radsdale@edu.tbz.ch;HGJUEOoohObM
genevieve.duckit@edu.tbz.ch;plVAQ5xVClE8
maely.ligerton@edu.tbz.ch;wr8terXtMAFd
maeline.ricciardelli@edu.tbz.ch;4BVqh1NhnXAl
personnalisee.yggo@edu.tbz.ch;2S0dNWKy6E1T
alizee.pettinger@edu.tbz.ch;K2TEc6NUOBlu
desiree.curnnokk@edu.tbz.ch;RJTxAkOe2goP
dorothee.minors@edu.tbz.ch;8K8HAblXflOu
oceanne.kopmann@edu.tbz.ch;GskDIP7xxJw7
almerinda.brodbin@edu.tbz.ch;cyL5N60tQTux
yenora.carsberg@edu.tbz.ch;AQJkzIasECbD
wa.beetles@edu.tbz.ch;nOkzwv0cTFXG
audreanne.abbot@edu.tbz.ch;WIYf2FD0bG0y
noemie.capper@edu.tbz.ch;LZX6TGU44RHV
mans.abramamov@edu.tbz.ch;vlbIxjkwSAZX
audreanne.blakey@edu.tbz.ch;ulvzzhopCI8m
leone.klimpke@edu.tbz.ch;2dSS8DJZ4kw1
lie.croston@edu.tbz.ch;H469vE3Zxybq
anaelle.baistow@edu.tbz.ch;XgBzOnRcXgKX
michele.garwood@edu.tbz.ch;ePFk31RyjGeq
interessant.albion@edu.tbz.ch;U1zma4pSJtFR
andre.brisco@edu.tbz.ch;Ta7lqpoVjjk8
tang.totterdill@edu.tbz.ch;LCOFV5Y7PqZk
mariejosee.braundt@edu.tbz.ch;1LOzTvWZA25T
lois.galer@edu.tbz.ch;wnUEBvjw0NRJ
faites.pellamonuten@edu.tbz.ch;0ZWzBq1s3D6h
mai.barfford@edu.tbz.ch;xSpyCHqdx6gD
laurene.macilory@edu.tbz.ch;gQDAQeI8rkZF
elea.peak@edu.tbz.ch;VKvQQxKZYQpQ
rejane.doni@edu.tbz.ch;BbPexK3MJSrH
mahelie.ector@edu.tbz.ch;soidTXbH74Dz
rachele.allum@edu.tbz.ch;5gQkLLy5ZHPW
laila.gerretsen@edu.tbz.ch;9dXsP2vUyJYU
ines.bowman@edu.tbz.ch;0gleuO4p50Ap
publicite.barbary@edu.tbz.ch;47ckilGHQa9g
mailys.smooth@edu.tbz.ch;yRmNhmVABg8i
mailis.huguenet@edu.tbz.ch;pyCP0wSPSW3p
lea.ewer@edu.tbz.ch;KkuBrta2bIDi
